City ID,City Name,Country Code,Date,Latitude,Longitude,Humidity %,Temperature (F),Wind Speed (mph),Cloudiness %
780687,Berlevåg,NO,05/05/20,70.86,29.09,59,276.15,10.3,100
2075265,Busselton,AU,05/05/20,-33.65,115.33,98,282.36,13.12,99
2640377,Penzance,GB,05/05/20,50.12,-5.54,100,283.71,8.7,98
4030556,Rikitea,PF,05/05/20,-23.12,-134.97,62,296.24,4.48,100
1819729,Hong Kong,HK,05/05/20,22.29,114.16,78,300.57,2.68,100
2120591,Tilichiki,RU,05/05/20,60.47,166.1,99,271.68,12.88,100
3372760,Praia da Vitória,PT,05/05/20,38.73,-27.07,60,293.15,5.33,20
3443061,Chui,UY,05/05/20,-33.7,-53.46,61,289.16,7.66,13
6111867,Port Hawkesbury,CA,05/05/20,45.62,-61.35,81,279.01,7.2,90
5335650,Ceres,US,05/05/20,37.59,-120.96,21,299.19,3.6,1
3418910,Upernavik,GL,05/05/20,72.79,-56.15,88,268.62,2.56,92
5097801,Fairview,US,05/05/20,40.81,-74.0,16,288.78,3.6,1
3466165,Cidreira,BR,05/05/20,-30.18,-50.21,86,293.14,3.44,92
2156643,Mount Gambier,AU,05/05/20,-37.83,140.77,76,283.15,3.6,100
1015776,Bredasdorp,ZA,05/05/20,-34.53,20.04,93,288.15,0.67,39
1812728,Dingzhou,CN,05/05/20,38.51,115.0,93,285.15,1.19,0
3372964,Lagoa,PT,05/05/20,39.05,-27.98,78,288.88,8.7,76
5367788,Lompoc,US,05/05/20,34.64,-120.46,49,292.84,7.7,1
3874787,Punta Arenas,CL,05/05/20,-53.15,-70.92,75,281.04,4.1,81
4705086,Lamar,US,05/05/20,33.67,-95.58,53,296.9,7.2,1
5122534,Jamestown,US,05/05/20,42.1,-79.24,29,283.15,2.6,1
2206939,Bluff,NZ,05/05/20,-46.6,168.33,78,284.68,10.66,99
2122605,Okhotsk,RU,05/05/20,59.38,143.3,96,272.62,4.39,57
5106841,Albany,US,05/05/20,42.6,-73.97,22,286.91,4.56,40
964432,Port Alfred,ZA,05/05/20,-33.59,26.89,84,289.26,1.79,76
1526038,Atbasar,KZ,05/05/20,51.8,68.33,49,282.74,2.41,0
3406442,Barbalha,BR,05/05/20,-7.31,-39.3,52,304.15,5.1,20
2068110,Kununurra,AU,05/05/20,-15.77,128.73,76,287.15,3.44,97
4013679,Coahuayana Viejo,MX,05/05/20,18.73,-103.68,45,303.15,5.1,40
2163355,Hobart,AU,05/05/20,-42.88,147.33,76,283.78,2.1,100
477774,Usvyaty,RU,05/05/20,55.75,30.75,97,284.14,1.92,100
935215,Saint-Philippe,RE,05/05/20,-21.36,55.77,73,296.36,3.1,90
2236967,Soyo,AO,05/05/20,-6.13,12.37,86,299.77,2.46,100
3392431,Pedro II,BR,05/05/20,-4.42,-41.46,95,297.15,2.61,15
650769,Kristinestad,FI,05/05/20,62.27,21.38,69,277.82,2.32,99
139817,Bushehr,IR,05/05/20,28.97,50.84,35,303.15,2.1,90
5905393,Bonavista,CA,05/05/20,48.65,-53.11,83,275.37,3.58,100
6201424,Mataura,NZ,05/05/20,-46.19,168.86,86,279.73,1.87,81
134602,Fereydūnkenār,IR,05/05/20,36.69,52.52,48,295.62,3.2,36
2738381,Lata,PT,05/05/20,40.16,-8.33,77,291.97,1.79,0
2512186,Puerto del Rosario,ES,05/05/20,28.5,-13.86,56,296.15,7.7,18
2122090,Pevek,RU,05/05/20,69.7,170.31,92,262.96,0.74,82
5848280,Kapaa,US,05/05/20,22.08,-159.32,65,298.58,5.1,40
3468020,Camapuã,BR,05/05/20,-19.53,-54.04,46,302.06,1.28,3
6170031,Tuktoyaktuk,CA,05/05/20,69.45,-133.04,79,271.15,5.1,75
3530103,San Miguel de Cozumel,MX,05/05/20,20.51,-86.95,62,304.42,6.2,40
5855927,Hilo,US,05/05/20,19.73,-155.09,57,296.61,1.5,90
3366880,Hermanus,ZA,05/05/20,-34.42,19.23,83,290.37,3.05,100
1515029,Ulaangom,MN,05/05/20,49.98,92.07,57,278.9,5.28,100
4026082,Lázaro Cárdenas,MX,05/05/20,17.96,-102.2,46,302.74,4.84,0
2035707,Mujiayingzi,CN,05/05/20,42.12,118.78,43,284.76,3.06,54
2122783,Katangli,RU,05/05/20,51.71,143.23,95,271.69,5.41,8
2907589,Heiligenhafen,DE,05/05/20,54.37,10.98,49,282.3,3.1,12
3833367,Ushuaia,AR,05/05/20,-54.8,-68.3,56,280.15,4.6,100
6096551,Pangnirtung,CA,05/05/20,66.15,-65.71,72,263.15,2.6,5
1268814,Joshīmath,IN,05/05/20,30.57,79.57,49,283.19,2.01,85
4560349,Philadelphia,US,05/05/20,39.95,-75.16,24,288.05,4.6,90
2729907,Longyearbyen,SJ,05/05/20,78.22,15.64,93,269.88,4.18,100
1484943,Zverinogolovskoye,RU,05/05/20,54.46,64.85,46,284.92,3.98,0
2022572,Khatanga,RU,05/05/20,71.97,102.5,89,253.0,3.59,0
5882953,Aklavik,CA,05/05/20,68.22,-135.01,98,273.15,3.1,90
3836669,San Rafael,AR,05/05/20,-34.62,-68.33,38,286.79,1.37,3
5793272,East Wenatchee Bench,US,05/05/20,47.43,-120.28,36,291.02,2.1,75
5866583,Saint Paul Harbor,US,05/05/20,57.79,-152.41,81,280.15,6.7,90
581228,Arbazh,RU,05/05/20,57.68,48.31,63,287.23,4.42,65
4032243,Vaini,TO,05/05/20,-21.2,-175.2,94,296.15,1.0,75
1512019,Aksarka,RU,05/05/20,66.56,67.8,99,273.09,5.59,100
3932145,Pisco,PE,05/05/20,-13.7,-76.22,77,293.87,4.1,40
2155415,New Norfolk,AU,05/05/20,-42.78,147.06,77,283.63,1.34,100
934479,Grand Gaube,MU,05/05/20,-20.01,57.66,81,297.04,0.89,5
2127202,Anadyr,RU,05/05/20,64.75,177.48,84,260.15,2.0,0
3175096,Laas,IT,05/05/20,46.62,10.7,100,281.15,3.1,75
2281120,Tabou,CI,05/05/20,4.42,-7.35,82,300.59,2.49,100
1507390,Dikson,RU,05/05/20,73.51,80.55,90,259.32,3.62,99
2447513,Arlit,NE,05/05/20,18.74,7.39,10,306.2,6.55,0
3421719,Narsaq,GL,05/05/20,60.92,-46.05,84,279.15,0.5,75
6255012,Flinders,AU,05/05/20,-34.58,150.86,86,283.3,0.45,1
3372707,Ribeira Grande,PT,05/05/20,38.52,-28.7,67,290.15,6.7,75
2071860,Esperance,AU,05/05/20,-33.87,121.9,67,289.15,11.8,90
2212775,Sabha,LY,05/05/20,27.04,14.43,17,298.7,3.73,0
5880054,Barrow,US,05/05/20,71.29,-156.79,85,263.15,4.1,1
3853354,Junín,AR,05/05/20,-34.58,-60.94,67,288.15,4.92,48
2112309,Katsuura,JP,05/05/20,35.13,140.3,71,288.93,1.79,100
5294167,Eloy,US,05/05/20,32.76,-111.55,9,307.71,2.1,1
2152659,Port Macquarie,AU,05/05/20,-31.43,152.92,96,285.64,2.55,39
2017155,Saskylakh,RU,05/05/20,71.92,114.08,91,252.54,3.68,48
6089245,Norman Wells,CA,05/05/20,65.28,-126.83,60,279.15,3.6,20
3471451,Arraial do Cabo,BR,05/05/20,-22.97,-42.03,69,300.58,5.7,20
1809062,Haimen,CN,05/05/20,23.19,116.61,83,299.15,4.0,58
2206890,Masterton,NZ,05/05/20,-40.96,175.66,86,280.78,2.47,77
3430863,Mar del Plata,AR,05/05/20,-38.0,-57.56,62,285.61,8.7,90
2027042,Batagay-Alyta,RU,05/05/20,67.8,130.41,95,267.41,0.84,100
3654410,Manta,EC,05/05/20,-0.95,-80.73,70,303.15,5.1,75
2012956,Yerbogachën,RU,05/05/20,61.28,108.01,85,281.17,4.8,100
556268,Ostrovnoy,RU,05/05/20,68.05,39.51,90,275.3,7.17,95
6137462,Saint-Augustin,CA,05/05/20,51.23,-58.65,79,276.44,8.61,100
4020109,Atuona,PF,05/05/20,-9.8,-139.03,76,300.26,7.23,26
2015306,Tiksi,RU,05/05/20,71.69,128.87,97,266.25,4.03,100
1696188,Palauig,PH,05/05/20,15.44,119.9,72,301.55,0.71,0
3369157,Cape Town,ZA,05/05/20,-33.93,18.42,88,290.91,3.6,100
2180815,Tuatapere,NZ,05/05/20,-46.13,167.68,88,279.59,2.09,68
1214488,Meulaboh,ID,05/05/20,4.14,96.13,88,298.4,2.58,100
1862505,Hirara,JP,05/05/20,24.8,125.28,90,299.18,7.08,73
2322495,Tari,NG,05/05/20,12.41,4.49,22,310.12,1.55,15
501468,Romanovka,RU,05/05/20,51.74,42.75,81,288.42,4.4,94
1006984,East London,ZA,05/05/20,-33.02,27.91,74,291.21,5.47,82
3645532,Ciudad Bolivar,VE,05/05/20,8.12,-63.55,34,309.56,4.11,84
5563839,Fortuna,US,05/05/20,40.6,-124.16,63,292.5,3.6,20
1795166,Shima,CN,05/05/20,24.45,117.81,83,300.15,4.0,92
6185377,Yellowknife,CA,05/05/20,62.46,-114.35,48,278.15,4.6,20
2033196,Zhangjiakou,CN,05/05/20,40.81,114.88,35,289.36,1.67,70
2074865,Carnarvon,AU,05/05/20,-24.87,113.63,72,294.31,6.7,8
1802068,Lujiang,CN,05/05/20,31.26,117.28,93,289.83,4.0,90
2630299,Hofn,IS,05/05/20,64.25,-15.21,47,284.08,3.86,6
4845585,Westport,US,05/05/20,41.14,-73.36,19,288.52,8.7,1
1637001,Biak,ID,05/05/20,-0.91,122.88,82,299.0,2.05,16
768785,Kolno,PL,05/05/20,53.41,21.93,96,280.38,3.34,100
3899695,Ancud,CL,05/05/20,-41.87,-73.82,71,287.62,2.1,19
2122493,Omsukchan,RU,05/05/20,62.53,155.8,95,266.09,5.58,100
86049,Jalu,LY,05/05/20,29.03,21.55,37,293.4,5.14,0
2126710,Beringovskiy,RU,05/05/20,63.05,179.32,90,268.14,1.68,0
5983720,Iqaluit,CA,05/05/20,63.75,-68.51,67,266.04,4.6,5
2294915,Takoradze,GH,05/05/20,4.88,-1.76,81,301.2,3.14,76
5870133,Nome,US,05/05/20,64.5,-165.41,60,277.15,2.1,1
5546220,Saint George,US,05/05/20,37.1,-113.58,12,301.83,1.5,1
6065262,Maniwaki,CA,05/05/20,46.38,-75.97,45,283.5,4.0,2
336454,Ginir,ET,05/05/20,7.13,40.7,90,288.74,1.85,14
1649150,Bengkulu,ID,05/05/20,-3.8,102.27,89,298.1,2.17,100
2068079,Kwinana,AU,05/05/20,-32.25,115.77,67,287.02,12.9,40
4944903,Nantucket,US,05/05/20,41.28,-70.1,50,284.48,6.7,40
1786640,Chengzhong,CN,05/05/20,30.95,113.55,77,292.15,1.0,90
2110227,Butaritari,KI,05/05/20,3.07,172.79,81,301.33,5.08,8
1177446,Gwadar,PK,05/05/20,25.12,62.33,41,304.57,4.03,0
1899102,Nagato,JP,05/05/20,34.38,131.2,93,290.63,3.1,75
3518729,Cuicatlan,MX,05/05/20,17.8,-96.97,29,308.91,3.22,6
3140301,Sandnessjøen,NO,05/05/20,66.02,12.63,87,278.99,5.7,75
3831208,Qaanaaq,GL,05/05/20,77.48,-69.36,86,265.95,3.21,99
2656708,Ayr,GB,05/05/20,55.46,-4.63,50,286.87,2.6,5
3671549,Puerto Asís,CO,05/05/20,0.51,-76.5,74,302.15,2.1,75
2260535,Brazzaville,CG,05/05/20,-4.27,15.28,78,300.39,2.6,20
2174444,Bowen,AU,05/05/20,-20.02,148.23,82,293.49,6.2,4
3976161,Adolfo López Mateos,MX,05/05/20,28.47,-107.3,21,301.48,2.56,0
1282256,Hithadhoo,MV,05/05/20,-0.6,73.08,75,301.99,5.58,85
5350734,Fremont,US,05/05/20,37.55,-121.99,72,293.45,3.1,5
2122293,Ozernovskiy,RU,05/05/20,51.5,156.52,94,274.36,15.29,100
3902377,La Santisima Trinidad,BO,05/05/20,-14.83,-64.9,74,303.15,1.5,40
4703384,Kingsville,US,05/05/20,27.52,-97.86,52,306.62,7.7,75
3572189,High Rock,BS,05/05/20,26.62,-78.28,66,302.15,3.6,40
2167426,Emerald,AU,05/05/20,-23.53,148.17,54,286.3,3.6,0
6943820,Murdochville,CA,05/05/20,48.96,-65.5,96,273.4,4.32,100
4328254,Iberia,US,05/05/20,29.95,-91.75,58,302.0,4.1,20
3421193,Paamiut,GL,05/05/20,61.99,-49.67,89,274.42,4.31,100
1278433,Aruvankad,IN,05/05/20,11.37,76.77,74,300.15,0.48,20
2120769,Talaya,RU,05/05/20,61.38,152.75,95,267.69,7.45,100
2160735,Lakes Entrance,AU,05/05/20,-37.88,147.98,97,278.71,2.23,100
1235846,Matara,LK,05/05/20,5.95,80.54,86,299.75,2.19,78
1735106,George Town,MY,05/05/20,5.41,100.34,94,299.4,1.5,40
1623197,Tual,ID,05/05/20,-5.67,132.75,82,301.33,5.82,95
1568574,Qui Nhon,VN,05/05/20,13.77,109.23,83,298.48,1.84,0
2109701,Auki,SB,05/05/20,-8.77,160.7,76,298.98,1.08,8
3423146,Ilulissat,GL,05/05/20,69.22,-51.1,88,271.42,3.19,0
1106677,Bambous Virieux,MU,05/05/20,-20.34,57.76,83,297.1,2.6,20
777019,Vardø,NO,05/05/20,70.37,31.11,60,277.15,5.7,40
2686469,Örnsköldsvik,SE,05/05/20,63.29,18.72,60,279.15,1.5,100
3628473,San Cristobal,VE,05/05/20,7.77,-72.22,43,306.15,10.3,40
1804208,Leiyang,CN,05/05/20,26.4,112.86,92,295.35,1.15,100
3883457,Lebu,CL,05/05/20,-37.62,-73.65,63,287.86,8.62,0
2109528,Buala,SB,05/05/20,-8.14,159.59,72,299.93,0.36,26
667303,Sfântu Gheorghe,RO,05/05/20,45.87,25.78,74,282.59,1.96,100
4031574,Provideniya,RU,05/05/20,64.38,-173.3,63,272.15,2.0,100
1847947,Shingū,JP,05/05/20,33.73,135.98,81,289.75,1.21,100
3702577,Portobelo,PA,05/05/20,9.55,-79.65,74,301.11,4.1,75
6165406,Thompson,CA,05/05/20,55.74,-97.86,55,275.15,5.7,20
3398255,Independência,BR,05/05/20,-5.4,-40.31,80,299.12,2.33,4
1242110,Kalmunai,LK,05/05/20,7.42,81.82,84,300.6,1.94,90
4034551,Faanui,PF,05/05/20,-16.48,-151.75,79,300.75,5.37,68
2126199,Cherskiy,RU,05/05/20,68.75,161.3,94,268.91,1.76,78
893549,Chipinge,ZW,05/05/20,-20.19,32.62,74,286.33,1.38,0
3356264,Keetmanshoop,NA,05/05/20,-26.58,18.13,17,297.15,2.1,0
4014914,Cedral,MX,05/05/20,23.8,-100.73,19,302.29,3.65,94
3832899,Viedma,AR,05/05/20,-40.81,-63.0,62,286.19,6.99,3
3573681,Siparia,TT,05/05/20,10.13,-61.5,58,303.9,7.2,75
1491230,Sovetskiy,RU,05/05/20,61.36,63.58,83,284.85,3.53,99
2381334,Atar,MR,05/05/20,20.52,-13.05,16,316.15,4.8,0
2128975,Nemuro,JP,05/05/20,43.32,145.57,82,277.78,1.1,100
5282297,Bethel,US,05/05/20,41.37,-73.41,22,287.69,4.6,1
2317765,Zaria,NG,05/05/20,11.11,7.72,18,305.08,2.27,22
933685,Kanye,BW,05/05/20,-24.97,25.33,45,288.73,1.88,0
900056,Nyimba,ZM,05/05/20,-14.56,30.81,65,292.64,3.53,0
583673,Aksay,RU,05/05/20,47.26,39.87,87,287.74,1.0,2
2027275,Bada,RU,05/05/20,51.39,109.87,74,280.32,0.63,99
4989133,Charter Township of Clinton,US,05/05/20,42.59,-82.92,34,284.5,3.6,90
4035715,Avarua,CK,05/05/20,-21.21,-159.78,83,298.15,0.5,91
1572151,Nha Trang,VN,05/05/20,12.25,109.18,83,300.15,2.1,7
3838859,Río Gallegos,AR,05/05/20,-51.62,-69.22,53,284.15,4.1,28
2121385,Severo-Kuril'sk,RU,05/05/20,50.68,156.12,92,274.19,16.0,99
1529484,Kumul,CN,05/05/20,42.8,93.45,31,292.16,11.48,100
3421765,Nanortalik,GL,05/05/20,60.14,-45.24,75,278.45,6.51,100
3652764,Puerto Ayora,EC,05/05/20,-0.74,-90.35,66,301.4,7.7,40
108410,Riyadh,SA,05/05/20,24.69,46.72,19,309.15,3.6,75
2015913,Suntar,RU,05/05/20,62.14,117.63,78,276.51,2.28,100
207570,Mwene-Ditu,CD,05/05/20,-7.0,23.45,94,293.71,1.68,100
3985710,Cabo San Lucas,MX,05/05/20,22.89,-109.91,37,303.78,2.1,5
1651810,Airai,TL,05/05/20,-8.93,125.41,100,289.38,1.26,54
2026861,Berdigestyakh,RU,05/05/20,62.1,126.7,91,272.74,1.62,11
553766,Kamenka,RU,05/05/20,51.32,42.77,92,287.04,5.18,100
145233,Ābdānān,IR,05/05/20,32.99,47.42,41,295.42,4.84,33
6063191,Mackenzie,CA,05/05/20,55.3,-123.17,43,283.15,7.2,40
1633070,Palembang,ID,05/05/20,-2.92,104.75,95,297.6,1.06,42
5265838,Oshkosh,US,05/05/20,44.02,-88.54,46,283.49,4.6,1
663158,Vărşag,RO,05/05/20,46.52,25.35,88,279.15,0.83,97
3353540,Rehoboth,NA,05/05/20,-23.32,17.08,27,290.79,3.39,0
3843123,Neuquén,AR,05/05/20,-38.95,-68.06,41,289.15,1.5,0
3466704,Castro,BR,05/05/20,-24.79,-50.01,65,292.95,2.41,100
3430443,Necochea,AR,05/05/20,-38.55,-58.74,79,285.37,8.05,100
3127047,Calatayud,ES,05/05/20,41.35,-1.64,56,293.18,1.0,30
2146219,Hervey Bay,AU,05/05/20,-25.3,152.85,87,288.95,3.6,40
3837056,San Luis,AR,05/05/20,-33.3,-66.34,38,286.43,6.12,12
5861897,Fairbanks,US,05/05/20,64.84,-147.72,42,285.2,3.1,40
2374583,Bubaque,GW,05/05/20,11.28,-15.83,78,299.6,7.71,0
1571058,Phan Thiet,VN,05/05/20,10.93,108.1,88,298.37,1.19,14
3374333,Praia,CV,05/05/20,14.92,-23.51,65,299.15,7.7,20
779350,Karasjok,NO,05/05/20,69.47,25.51,60,278.15,24.2,100
3374235,Sal Rei,CV,05/05/20,16.18,-22.92,73,296.15,7.7,75
3459352,Ladário,BR,05/05/20,-19.0,-57.6,46,306.15,4.6,20
2136825,Isangel,VU,05/05/20,-19.55,169.27,87,295.28,5.43,100
1106643,Quatre Cocos,MU,05/05/20,-20.21,57.76,83,297.09,2.6,20
515805,Oktyabr'skoye,RU,05/05/20,43.06,44.74,100,287.65,1.0,100
2132606,Samarai,PG,05/05/20,-10.62,150.67,82,299.68,8.1,100
3928867,Sayán,PE,05/05/20,-11.14,-77.19,43,299.78,3.77,89
10722858,Forsytheganj,BY,05/05/20,52.63,29.73,93,283.05,2.57,100
2013258,Vrangel',RU,05/05/20,42.73,133.08,91,278.97,1.08,52
3424607,Tasiilaq,GL,05/05/20,65.61,-37.64,55,276.15,3.1,20
4231997,Avera,US,05/05/20,33.19,-82.53,45,302.78,5.7,1
2126123,Chokurdakh,RU,05/05/20,70.63,147.92,95,262.46,2.9,85
3393692,Itarema,BR,05/05/20,-2.92,-39.92,85,300.87,6.08,66
5530921,Snyder,US,05/05/20,32.72,-100.92,33,296.15,7.2,1
1622318,Waingapu,ID,05/05/20,-9.66,120.26,86,298.53,3.29,100
3695844,Lagunas,PE,05/05/20,-5.23,-75.68,55,305.29,1.59,80
527321,Mezen',RU,05/05/20,65.85,44.24,98,272.38,0.13,11
5364271,Laguna,US,05/05/20,38.42,-121.42,26,299.48,2.6,1
1630639,Pringsewu,ID,05/05/20,-5.36,104.97,92,296.78,0.61,76
686090,Asău,RO,05/05/20,46.43,26.4,77,282.59,2.18,100
3664301,Envira,BR,05/05/20,-7.3,-70.22,59,303.89,1.18,16
3408368,Acaraú,BR,05/05/20,-2.89,-40.12,84,301.06,5.66,70
3388926,São Caetano de Odivelas,BR,05/05/20,-0.75,-48.02,92,299.76,2.63,100
3096765,Kamień Pomorski,PL,05/05/20,53.97,14.77,87,280.35,3.1,40
1489661,Tevriz,RU,05/05/20,57.51,72.4,63,283.91,3.71,59
705544,Kobelyaky,UA,05/05/20,49.15,34.2,87,286.41,1.47,89
2144764,Wangaratta,AU,05/05/20,-36.37,146.33,100,278.38,1.5,100
5942547,Drayton Valley,CA,05/05/20,53.22,-114.99,52,286.91,5.36,56
64814,Bandarbeyla,SO,05/05/20,9.49,50.81,72,301.83,3.48,61
1274699,Chandrakona,IN,05/05/20,22.73,87.52,81,299.4,2.75,0
3448903,São João da Barra,BR,05/05/20,-21.64,-41.05,57,299.16,1.0,100
5354943,Half Moon Bay,US,05/05/20,37.46,-122.43,63,292.87,4.6,5
2122894,Nevel'sk,RU,05/05/20,46.67,141.86,92,272.15,3.69,75
2189343,Kaeo,NZ,05/05/20,-35.1,173.78,36,282.04,2.24,0
964420,Port Elizabeth,ZA,05/05/20,-33.92,25.57,82,289.15,4.1,34
1180729,Dalbandin,PK,05/05/20,28.89,64.41,16,299.77,2.71,0
3374083,Bathsheba,BB,05/05/20,13.22,-59.52,62,303.15,9.8,40
1687186,Sarangani,PH,05/05/20,5.4,125.46,73,301.82,2.25,2
4036284,Alofi,NU,05/05/20,-19.06,-169.92,94,296.15,1.0,0
3420846,Qaqortoq,GL,05/05/20,60.72,-46.03,83,279.15,0.5,75
286987,Nizwá,OM,05/05/20,22.93,57.53,30,304.75,3.36,19
2013279,Vostok,RU,05/05/20,46.49,135.88,98,273.2,1.58,10
3155152,Gravdal,NO,05/05/20,68.12,13.5,86,276.15,8.7,75
1734313,Paka,MY,05/05/20,4.64,103.44,100,298.15,1.53,87
6167817,Torbay,CA,05/05/20,47.67,-52.73,93,277.45,11.8,90
246008,Petra,JO,05/05/20,30.32,35.48,73,283.23,8.19,93
2701713,Karlskrona,SE,05/05/20,56.16,15.59,75,281.15,2.1,20
4513583,Hamilton,US,05/05/20,39.18,-84.53,66,283.54,3.1,90
5746545,Portland,US,05/05/20,45.52,-122.68,61,292.95,0.45,0
3577154,Oranjestad,AW,05/05/20,12.52,-70.03,70,303.15,10.3,75
1490256,Talnakh,RU,05/05/20,69.49,88.4,92,265.15,4.0,100
3374210,São Filipe,CV,05/05/20,14.9,-24.5,69,297.66,4.82,0
1855342,Nishihara,JP,05/05/20,26.18,127.76,94,298.15,6.7,90
3571592,Rock Sound,BS,05/05/20,24.9,-76.2,64,298.35,2.23,0
2194098,Ahipara,NZ,05/05/20,-35.17,173.17,70,286.45,7.13,0
286245,Sur,OM,05/05/20,22.57,59.53,43,305.83,2.96,0
2128815,Obihiro,JP,05/05/20,42.92,143.2,87,277.7,0.73,58
2157698,Mildura,AU,05/05/20,-34.2,142.15,100,280.15,2.6,92
1498920,Mezhdurechensk,RU,05/05/20,53.69,88.06,90,275.77,1.3,99
2450173,Taoudenni,ML,05/05/20,22.68,-3.98,9,309.23,1.89,0
2449893,Tessalit,ML,05/05/20,20.2,1.01,16,307.17,3.68,86
5003136,Muskegon,US,05/05/20,43.3,-86.13,30,286.53,1.5,75
648090,Lieksa,FI,05/05/20,63.32,30.02,68,277.91,1.21,0
5928065,Cornwall,CA,05/05/20,45.02,-74.73,42,282.88,2.6,1
2862118,Norden,DE,05/05/20,53.6,7.2,61,281.15,3.1,20
293842,Kiryat Gat,IL,05/05/20,31.61,34.76,77,288.88,6.53,0
2094342,Kavieng,PG,05/05/20,-2.57,150.8,74,301.49,2.34,100
1488933,Turinsk,RU,05/05/20,58.05,63.7,61,285.15,3.25,14
934322,Mahébourg,MU,05/05/20,-20.41,57.7,83,297.15,2.6,20
1640902,Kawalu,ID,05/05/20,-7.38,108.21,91,296.35,0.56,99
3359638,Walvis Bay,NA,05/05/20,-22.96,14.51,24,299.97,7.59,0
3480908,La Asuncion,VE,05/05/20,11.03,-63.86,50,308.15,9.8,5
3461214,Inhapim,BR,05/05/20,-19.55,-42.12,85,293.44,1.89,19
3576994,Cockburn Town,TC,05/05/20,21.46,-71.14,82,299.42,6.28,0
3985168,San Patricio,MX,05/05/20,19.22,-104.7,74,302.15,5.1,5
3616253,Siuna,NI,05/05/20,13.73,-84.78,45,306.02,2.43,100
2228079,Mbalmayo,CM,05/05/20,3.52,11.5,86,296.06,1.88,14
4258273,Greencastle,US,05/05/20,39.64,-86.86,81,281.28,4.1,90
219057,Beni,CD,05/05/20,0.5,29.47,98,291.24,0.92,96
1262260,Nagapattinam,IN,05/05/20,10.77,79.83,75,301.64,3.27,100
3123688,Ejea de los Caballeros,ES,05/05/20,42.13,-1.14,31,297.15,2.1,27
3899539,Antofagasta,CL,05/05/20,-23.65,-70.4,72,290.15,5.7,28
2810284,Westerland,DE,05/05/20,54.91,8.3,62,282.59,0.45,0
1528998,Yumen,CN,05/05/20,40.28,97.2,60,285.47,3.97,100
2082539,Merauke,ID,05/05/20,-8.47,140.33,84,298.8,6.56,93
1244926,Hambantota,LK,05/05/20,6.12,81.12,100,299.15,0.5,20
5937252,Deer Lake,CA,05/05/20,49.17,-57.43,90,273.93,9.3,90
5962442,Goderich,CA,05/05/20,43.75,-81.72,66,279.54,9.09,100
5380437,Pacific Grove,US,05/05/20,36.62,-121.92,63,289.34,4.1,1
3662489,Santa Isabel Rio Negro,BR,05/05/20,-0.41,-65.02,96,298.62,1.07,100
2137773,Vao,NC,05/05/20,-22.67,167.48,70,295.49,11.29,100
326036,Yabēlo,ET,05/05/20,4.88,38.08,100,288.89,3.62,100
6173361,Vanderhoof,CA,05/05/20,54.02,-124.02,31,289.26,0.64,47
986717,Kruisfontein,ZA,05/05/20,-34.0,24.73,72,286.75,1.91,45
3420768,Qasigiannguit,GL,05/05/20,68.82,-51.19,89,271.07,2.31,0
2618795,Klaksvík,FO,05/05/20,62.23,-6.59,81,281.15,6.7,90
2399001,Mayumba,GA,05/05/20,-3.43,10.66,88,299.33,1.42,71
336496,Gimbi,ET,05/05/20,9.17,35.83,75,292.26,1.7,84
3372472,Vila Franca do Campo,PT,05/05/20,37.72,-25.43,72,290.15,6.7,20
729909,Krivodol,BG,05/05/20,43.37,23.48,64,287.35,2.58,89
2142316,Yeppoon,AU,05/05/20,-23.13,150.73,67,290.15,3.6,51
954161,Somerset East,ZA,05/05/20,-32.72,25.59,79,284.48,1.15,0
2022463,Khilok,RU,05/05/20,51.37,110.47,68,279.91,0.32,98
3382160,Cayenne,GF,05/05/20,4.93,-52.33,74,302.15,6.7,75
3141548,Rognan,NO,05/05/20,67.1,15.39,93,277.0,5.64,100
2028028,Aksha,RU,05/05/20,50.28,113.29,41,283.7,2.45,100
128234,Kerman,IR,05/05/20,30.28,57.08,31,291.15,3.1,26
3939168,Huarmey,PE,05/05/20,-10.07,-78.15,68,296.23,5.01,33
3403687,Camocim,BR,05/05/20,-2.9,-40.84,86,300.79,4.29,81
654363,Kankaanpää,FI,05/05/20,61.8,22.42,56,280.21,3.1,46
525426,Sobolevo,RU,05/05/20,54.43,31.9,92,284.59,2.32,100
609404,Khromtau,KZ,05/05/20,50.25,58.43,49,284.23,2.58,45
1529376,Korla,CN,05/05/20,41.76,86.15,54,289.93,0.8,96
1067565,Beloha,MG,05/05/20,-25.17,45.05,88,290.62,2.86,29
1280037,Shache,CN,05/05/20,38.42,77.24,39,292.15,3.9,100
2264557,Ponta do Sol,PT,05/05/20,32.67,-17.1,68,290.96,3.6,20
3839307,Rawson,AR,05/05/20,-43.3,-65.1,39,287.29,4.05,0
7671223,Kloulklubed,PW,05/05/20,7.04,134.26,88,299.15,2.6,75
2021017,Kysyl-Syr,RU,05/05/20,63.9,122.76,94,272.99,1.83,100
622428,Salihorsk,BY,05/05/20,52.79,27.54,93,281.71,1.49,82
236950,Obo,CF,05/05/20,5.4,26.49,93,294.99,0.99,99
3445026,Vila Velha,BR,05/05/20,-20.33,-40.29,69,299.93,5.1,20
3833883,Trelew,AR,05/05/20,-43.25,-65.31,32,288.8,4.99,0
1636308,Manokwari,ID,05/05/20,-0.87,134.08,77,299.9,1.65,99
1695546,Pandan,PH,05/05/20,14.05,124.17,87,299.94,2.64,42
2018735,Nyurba,RU,05/05/20,63.28,118.33,84,275.2,1.67,100
4031637,Lavrentiya,RU,05/05/20,65.58,-171.0,90,270.28,0.47,0
1278354,Arsikere,IN,05/05/20,13.31,76.26,54,300.61,3.01,98
1855540,Naze,JP,05/05/20,28.37,129.48,100,296.15,2.1,90
1278969,Along,IN,05/05/20,28.17,94.77,87,292.23,0.55,28
2347758,Bara,NG,05/05/20,10.37,10.73,25,306.7,1.67,7
3158668,Eidfjord,NO,05/05/20,60.47,7.07,75,276.63,1.84,100
2120612,Tigil',RU,05/05/20,57.8,158.67,80,275.62,5.49,100
1831112,Kampot,KH,05/05/20,10.62,104.18,80,300.68,1.99,1
6620339,Karratha,AU,05/05/20,-20.74,116.85,62,294.37,4.0,65
3143368,Ørnes,NO,05/05/20,66.87,13.71,86,277.05,10.3,75
2995750,Marignane,FR,05/05/20,43.42,5.21,82,291.15,3.13,98
3131500,Visnes,NO,05/05/20,59.36,5.22,70,279.81,3.1,40
3924679,Vilhena,BR,05/05/20,-12.74,-60.15,84,298.95,0.97,100
1521379,Lenger,KZ,05/05/20,42.18,69.88,87,288.15,2.0,75
3439389,Asunción,PY,05/05/20,-25.3,-57.64,36,307.15,3.6,75
2068655,Katherine,AU,05/05/20,-14.47,132.27,59,289.15,3.1,100
3674676,Mitú,CO,05/05/20,1.2,-70.17,58,304.75,0.58,80
3929493,San Juan Bautista,PE,05/05/20,-14.01,-75.74,77,294.04,4.1,40
3894426,Coyhaique,CL,05/05/20,-45.58,-72.07,66,284.15,2.1,20
3347019,Mossamedes,AO,05/05/20,-15.2,12.15,67,298.44,0.42,0
2178753,Kirakira,SB,05/05/20,-10.45,161.92,74,299.95,0.4,58
2013465,Verkhoyansk,RU,05/05/20,67.54,133.38,94,268.4,1.46,100
4920986,Griffith,US,05/05/20,41.53,-87.42,61,281.09,3.74,90
3147698,Levanger,NO,05/05/20,63.75,11.3,81,279.97,8.7,75
2020313,Mama,RU,05/05/20,58.31,112.9,74,278.67,2.14,100
2125693,Evensk,RU,05/05/20,61.95,159.23,96,269.84,16.76,100
2646557,Horsham,GB,05/05/20,51.06,-0.33,61,282.92,6.2,67
118063,Sabzawār,IR,05/05/20,36.21,57.68,34,295.96,2.34,0
3380290,Sinnamary,GF,05/05/20,5.38,-52.95,80,300.29,5.29,67
265040,Andros,GR,05/05/20,37.83,24.93,62,289.82,2.24,0
4174600,Sweetwater,US,05/05/20,25.76,-80.37,52,303.3,4.6,20
3401148,Cururupu,BR,05/05/20,-1.83,-44.87,92,299.72,2.37,100
3361934,Saldanha,ZA,05/05/20,-33.01,17.94,82,290.15,4.1,100
2039557,Khasan,RU,05/05/20,42.43,130.64,75,281.69,4.8,0
2276492,Harper,LR,05/05/20,4.38,-7.72,81,300.52,2.43,100
6078372,Moose Factory,CA,05/05/20,51.26,-80.61,29,277.15,3.6,1
480562,Tula,RU,05/05/20,54.2,37.61,76,290.37,4.16,100
4035249,Lufilufi,WS,05/05/20,-13.87,-171.6,79,303.15,2.24,60
1501377,Kungurtug,RU,05/05/20,50.6,97.52,93,273.06,1.81,80
1215502,Banda Aceh,ID,05/05/20,5.56,95.32,75,300.78,4.57,100
3998291,Loreto,MX,05/05/20,22.27,-101.97,22,300.02,4.0,100
1222396,Kuah,MY,05/05/20,6.33,99.84,100,299.15,2.6,40
1021040,Barkly West,ZA,05/05/20,-28.54,24.52,81,281.15,0.5,0
1633419,Padang,ID,05/05/20,-0.95,100.35,82,299.2,3.27,100
3529654,Dzilam González,MX,05/05/20,21.28,-88.93,39,307.77,3.88,80
4013724,Camargo,MX,05/05/20,27.67,-105.17,10,308.56,2.38,8
3525570,La Joya,MX,05/05/20,18.67,-99.47,29,306.8,2.1,5
4946620,Palmer,US,05/05/20,42.16,-72.33,26,287.52,2.1,40
546105,Nikolskoye,RU,05/05/20,59.7,30.79,43,282.93,2.0,84
3893726,Constitución,CL,05/05/20,-35.33,-72.42,41,292.21,6.85,0
1254046,Tura,IN,05/05/20,25.52,90.22,93,294.61,1.93,44
2121025,Srednekolymsk,RU,05/05/20,67.45,153.68,98,268.76,2.19,93
53654,Mogadishu,SO,05/05/20,2.04,45.34,81,301.58,5.37,84
522377,Nevinnomyssk,RU,05/05/20,44.63,41.95,82,288.93,2.0,40
5847411,Kahului,US,05/05/20,20.89,-156.47,54,297.51,9.3,1
3354071,Oranjemund,NA,05/05/20,-28.55,16.43,62,290.28,4.37,0
3381428,Iracoubo,GF,05/05/20,5.48,-53.2,80,300.3,5.53,52
5850554,Makakilo City,US,05/05/20,21.35,-158.09,64,299.05,5.1,90
3407407,Aquiraz,BR,05/05/20,-3.9,-38.39,58,304.15,8.7,20
3521108,Progreso,MX,05/05/20,21.28,-89.67,35,310.55,5.1,75
544370,Koryazhma,RU,05/05/20,61.31,47.17,96,283.63,2.31,100
630768,Ylivieska,FI,05/05/20,64.08,24.55,58,278.64,1.79,100
489043,Staraya Toropa,RU,05/05/20,56.28,31.67,97,284.24,1.98,100
1650434,Bambanglipuro,ID,05/05/20,-7.95,110.28,87,298.54,1.63,98
292968,Abu Dhabi,AE,05/05/20,24.47,54.37,78,300.71,1.0,44
1799629,Nanyang,CN,05/05/20,32.99,112.53,65,288.43,2.78,21
5924351,Clyde River,CA,05/05/20,70.47,-68.59,78,263.15,3.1,5
746565,Görele,TR,05/05/20,41.03,39.0,93,287.15,2.6,75
779622,Havøysund,NO,05/05/20,71.0,24.66,69,277.15,8.2,75
2094027,Kieta,PG,05/05/20,-6.22,155.63,77,298.18,1.05,24
3520994,Puerto Escondido,MX,05/05/20,15.85,-97.07,70,302.15,4.1,75
1791539,Wencheng,CN,05/05/20,33.06,113.8,88,287.68,1.91,79
1253237,Verāval,IN,05/05/20,20.9,70.37,87,300.14,5.14,0
6050066,La Ronge,CA,05/05/20,55.1,-105.28,43,284.15,5.7,5
1726449,Basco,PH,05/05/20,20.45,121.97,82,301.13,3.21,0
3893629,Coquimbo,CL,05/05/20,-29.95,-71.34,87,287.15,6.7,75
4556050,Woodward,US,05/05/20,36.43,-99.39,30,295.5,2.6,1
2159220,Mackay,AU,05/05/20,-21.15,149.2,88,291.15,4.6,40
1808106,Hongjiang,CN,05/05/20,27.11,110.0,91,294.98,0.84,100
5557293,Sitka,US,05/05/20,57.05,-135.33,70,282.15,6.7,90
5540831,Hurricane,US,05/05/20,37.18,-113.29,12,301.52,1.5,1
544084,Koslan,RU,05/05/20,63.46,48.9,94,279.22,2.21,100
5404198,Twentynine Palms,US,05/05/20,34.14,-116.05,8,303.42,2.6,1
1497210,Novoagansk,RU,05/05/20,61.94,76.66,95,279.29,2.92,100
2063042,Port Hedland,AU,05/05/20,-20.32,118.57,72,291.15,3.6,4
2059470,Victor Harbor,AU,05/05/20,-35.57,138.62,86,280.93,4.15,100
2027806,Amazar,RU,05/05/20,53.86,120.88,74,275.51,0.25,0
2310533,Acurenam,GQ,05/05/20,1.03,10.65,98,295.21,1.17,83
3440777,Rocha,UY,05/05/20,-34.48,-54.33,74,287.1,9.69,100
2037886,Dandong,CN,05/05/20,40.13,124.39,59,285.97,1.6,63
3667070,Timbiquí,CO,05/05/20,2.77,-77.67,78,302.12,4.55,24
4419500,Brookhaven,US,05/05/20,31.58,-90.44,72,300.56,3.36,75
5954718,Flin Flon,CA,05/05/20,54.77,-101.86,36,282.15,3.6,20
1606030,Surin,TH,05/05/20,14.88,103.49,67,306.48,3.91,1
286621,Salalah,OM,05/05/20,17.02,54.09,74,303.15,2.6,20
1508501,Chadan,RU,05/05/20,51.28,91.58,71,275.69,1.5,86
1045114,Inhambane,MZ,05/05/20,-23.86,35.38,83,294.15,2.85,40
5554428,Ketchikan,US,05/05/20,55.34,-131.65,76,283.54,9.3,90
371745,Kutum,SD,05/05/20,14.2,24.67,15,299.53,4.27,5
8079926,Labuhan,ID,05/05/20,-6.88,112.21,88,298.91,3.58,0
4508778,Circleville,US,05/05/20,39.6,-82.95,40,283.18,4.6,90
3572462,Dunmore Town,BS,05/05/20,25.5,-76.65,66,298.25,3.96,0
1258338,Ratnagiri,IN,05/05/20,16.98,73.3,85,301.16,4.03,0
209598,Manono,CD,05/05/20,-7.3,27.42,87,295.13,1.73,52
1489209,Troitskoye,RU,05/05/20,52.98,84.68,85,276.48,2.25,80
219414,Basoko,CD,05/05/20,1.24,23.62,82,297.96,1.54,76
3203412,Brežice,SI,05/05/20,45.9,15.59,76,284.92,3.1,100
1028434,Quelimane,MZ,05/05/20,-17.88,36.89,85,294.1,2.35,0
4115181,Hope,US,05/05/20,33.67,-93.59,58,298.68,2.24,0
5261969,Marshfield,US,05/05/20,44.67,-90.17,43,284.15,4.1,1
5767918,Pierre,US,05/05/20,44.37,-100.35,66,286.15,6.7,1
2013375,Vitim,RU,05/05/20,59.45,112.56,76,281.09,5.06,100
1486321,Yar-Sale,RU,05/05/20,66.83,70.83,98,273.28,4.17,95
5919850,Chapais,CA,05/05/20,49.78,-74.85,38,278.15,3.6,90
1259385,Port Blair,IN,05/05/20,11.67,92.75,74,301.88,0.99,36
1920772,Zhoucheng,CN,05/05/20,35.91,116.31,82,284.91,2.7,0
3421982,Maniitsoq,GL,05/05/20,65.42,-52.9,93,272.82,5.63,72
1337619,Ugoofaaru,MV,05/05/20,5.67,73.0,79,302.77,6.48,68
4047434,Russell,US,05/05/20,32.35,-85.2,45,302.85,4.1,1
1814435,Dafeng,CN,05/05/20,23.45,108.59,77,298.36,2.06,97
2643044,Margate,GB,05/05/20,51.38,1.39,76,282.73,8.82,0
2122262,Palana,RU,05/05/20,59.12,159.97,89,273.91,7.8,100
3981391,Tomatlán,MX,05/05/20,19.93,-105.25,41,305.08,4.6,0
5392171,San Jose,US,05/05/20,37.34,-121.89,46,295.68,2.6,75
2130741,Abashiri,JP,05/05/20,44.02,144.27,77,275.37,0.89,25
2147714,Sydney,AU,05/05/20,-33.87,151.21,93,283.76,3.1,0
1263917,Māndal,IN,05/05/20,25.45,74.57,22,302.59,0.95,46
616052,Kanakeravan,AM,05/05/20,40.25,44.53,93,285.15,2.78,20
5843495,Worland,US,05/05/20,44.02,-107.96,18,290.29,3.6,1
5110365,Broome,US,05/05/20,42.25,-75.83,34,283.94,5.7,1
5742974,North Bend,US,05/05/20,43.41,-124.22,82,289.76,3.1,90
3904906,Santa Cruz de la Sierra,BO,05/05/20,-17.8,-63.17,94,298.3,5.7,75
2520875,Bolaños de Calatrava,ES,05/05/20,38.91,-3.66,30,293.35,2.6,0
1688420,Santa,PH,05/05/20,17.49,120.43,75,300.64,1.16,33
2396853,Omboué,GA,05/05/20,-1.57,9.26,88,298.79,2.03,20
1623446,Tomohon,ID,05/05/20,1.33,124.84,100,297.15,0.85,20
2381972,Adrar,MR,05/05/20,20.5,-10.07,9,308.13,3.05,0
4323873,Estelle,US,05/05/20,29.85,-90.11,54,303.17,3.1,75
2015686,Talakan,RU,05/05/20,50.32,130.37,77,274.83,0.64,4
6146143,Sherbrooke,CA,05/05/20,45.4,-71.9,70,279.15,6.7,90
5866063,Kenai,US,05/05/20,60.55,-151.26,62,284.15,6.7,1
2214432,Nālūt,LY,05/05/20,30.33,10.85,15,300.74,2.83,7
5789683,Centralia,US,05/05/20,46.72,-122.95,59,291.3,2.1,1
3570429,Le François,MQ,05/05/20,14.62,-60.9,66,301.51,9.3,75
2191562,Dunedin,NZ,05/05/20,-45.87,170.5,68,284.75,6.03,65
2396646,Oyem,GA,05/05/20,1.6,11.58,96,294.83,1.19,4
3466980,Caravelas,BR,05/05/20,-17.71,-39.25,70,297.22,2.36,12
3471377,Assaí,BR,05/05/20,-23.37,-50.84,34,301.15,4.1,57
3416888,Grindavik,IS,05/05/20,63.84,-22.43,81,280.15,6.2,75
1805270,Jishou,CN,05/05/20,28.32,109.72,91,293.27,1.34,100
2527087,Tiznit Province,MA,05/05/20,29.58,-9.5,72,291.23,2.13,21
474470,Verkhnyaya Toyma,RU,05/05/20,62.23,45.0,87,283.09,2.59,100
1508589,Butka,RU,05/05/20,56.72,63.79,48,285.07,2.9,0
2487130,Sidi Ali,DZ,05/05/20,36.1,0.42,71,291.91,3.04,100
2191911,Dargaville,NZ,05/05/20,-35.93,173.88,75,284.88,6.58,0
2019718,Mukhen,RU,05/05/20,48.1,136.1,75,276.85,1.63,15
2392087,Porto-Novo,BJ,05/05/20,6.5,2.6,79,302.15,4.1,20
2038446,Baoqing,CN,05/05/20,46.33,132.21,64,278.98,2.83,1
5091860,Rockingham,US,05/05/20,42.97,-71.1,30,286.26,1.79,0
5970873,Hare Bay,CA,05/05/20,48.85,-54.01,98,273.15,6.7,90
3526564,Jaumave,MX,05/05/20,23.42,-99.38,34,307.85,2.6,40
2037391,Fengzhen,CN,05/05/20,40.44,113.15,39,286.3,0.84,70
2121373,Seymchan,RU,05/05/20,62.88,152.43,95,268.43,5.31,84
2021093,Kuytun,RU,05/05/20,54.34,101.5,79,276.22,2.78,35
3176748,Forio,IT,05/05/20,40.73,13.86,78,289.82,0.45,2
933995,Souillac,MU,05/05/20,-20.52,57.52,83,297.15,2.6,20
2022369,Kholtoson,RU,05/05/20,50.3,103.31,79,279.15,2.22,100
3489854,Kingston,JM,05/05/20,18.0,-76.79,70,302.44,11.8,20
3388456,São José da Coroa Grande,BR,05/05/20,-8.9,-35.15,79,300.08,4.27,34
5803990,Moses Lake,US,05/05/20,47.13,-119.28,19,295.87,3.6,1
5710360,Winnemucca,US,05/05/20,40.97,-117.74,7,299.15,3.6,1
2652095,Cramlington,GB,05/05/20,55.09,-1.59,57,281.91,3.6,0
2070998,Geraldton,AU,05/05/20,-28.77,114.6,59,291.15,9.3,90
2270385,Camacha,PT,05/05/20,33.08,-16.33,72,293.15,3.6,20
2013986,Ust'-Barguzin,RU,05/05/20,53.45,108.98,79,276.28,1.52,100
2361373,Diapaga,BF,05/05/20,12.07,1.79,23,309.48,1.39,38
901766,Namwala,ZM,05/05/20,-15.75,26.44,52,291.5,2.67,0
601551,Akdepe,TM,05/05/20,42.06,59.38,56,292.66,5.1,97
1052373,Beira,MZ,05/05/20,-19.84,34.84,65,298.15,3.6,20
2790153,Nieuwpoort,BE,05/05/20,51.12,2.77,76,282.98,8.2,20
703261,Lenine,UA,05/05/20,45.3,35.78,92,287.03,3.67,41
4984247,Ann Arbor,US,05/05/20,42.28,-83.74,31,283.09,4.6,90
1492607,Severnoye,RU,05/05/20,56.35,78.36,62,279.64,3.77,99
2308278,Mbini,GQ,05/05/20,1.57,9.61,81,300.72,1.49,82
1503037,Kodinsk,RU,05/05/20,58.69,99.18,86,275.73,1.89,71
1349090,Harindānga,IN,05/05/20,22.04,88.32,94,301.15,2.6,75
2287298,Katiola,CI,05/05/20,8.13,-5.1,62,302.1,2.43,75
5911745,Burns Lake,CA,05/05/20,54.23,-125.75,36,286.07,2.67,24
3348313,Huambo,AO,05/05/20,-12.78,15.74,66,290.8,1.82,84
5989403,Kapuskasing,CA,05/05/20,49.42,-82.43,24,281.15,3.1,20
3653159,Píllaro,EC,05/05/20,-1.17,-78.53,68,289.52,3.97,90
503581,Pyaozerskiy,RU,05/05/20,65.83,31.17,88,274.97,2.2,14
538733,Kurkino,RU,05/05/20,53.43,38.66,90,286.82,3.94,35
3388266,São Miguel do Tapuio,BR,05/05/20,-5.5,-41.32,76,299.92,2.53,27
3175081,La Spezia,IT,05/05/20,44.11,9.84,86,289.77,2.09,100
1714733,Dingle,PH,05/05/20,11.0,122.67,82,299.4,1.86,16
3996426,Matamoros,MX,05/05/20,25.53,-103.25,17,308.44,2.1,20
777073,Vadsø,NO,05/05/20,70.07,29.75,60,277.77,5.7,40
3355672,Lüderitz,NA,05/05/20,-26.65,15.16,25,297.75,4.89,0
935214,Saint-Pierre,RE,05/05/20,-21.34,55.48,73,295.81,3.1,90
5935341,Dauphin,CA,05/05/20,51.15,-100.05,44,287.22,4.18,6
1062663,Mahajanga,MG,05/05/20,-15.72,46.32,78,300.15,1.5,20
2960869,Youghal,IE,05/05/20,51.95,-7.85,100,282.8,7.7,90
933366,Maun,BW,05/05/20,-19.98,23.42,37,294.15,2.6,0
3427833,Tandil,AR,05/05/20,-37.32,-59.13,64,285.1,5.81,29
4333811,Morgan City,US,05/05/20,29.7,-91.21,65,301.31,3.94,90
2032201,Bulgan,MN,05/05/20,48.81,103.53,55,282.93,2.12,98
2037485,Erenhot,CN,05/05/20,43.65,111.98,27,290.25,6.05,100
2629833,Husavik,IS,05/05/20,66.04,-17.34,34,285.15,14.9,0
2119283,Zyryanka,RU,05/05/20,65.75,150.85,98,270.17,2.03,83
3115739,Narón,ES,05/05/20,43.52,-8.15,68,289.51,5.7,100
2021031,Kyren,RU,05/05/20,51.68,102.14,82,277.46,1.8,100
1650232,Banjar,ID,05/05/20,-8.19,114.97,94,301.15,3.1,40
